ticker,layer,relation,entity,category,sector,confidence,note,source_name,source_url
ABX.TO,Clients servis,Transformateurs,"Fonderies, raffineurs, fabricants et négociants",Clients,Matériaux,Indicatif,La production minière alimente plusieurs chaînes industrielles.,,
ABX.TO,Intrants,Équipement minier,"Camions miniers, explosifs, énergie et services géologiques",Fournisseurs,Industrie,Indicatif,"Intrants nécessaires à l’exploration, l’extraction et la transformation.",,
ABX.TO,Secteurs impactés,Métaux et matériaux,"Construction, énergie, électronique et infrastructure",Secteur,Industrie,Indicatif,Les métaux servent plusieurs secteurs utilisateurs.,,
AEM.TO,Clients servis,Transformateurs,"Fonderies, raffineurs, fabricants et négociants",Clients,Matériaux,Indicatif,La production minière alimente plusieurs chaînes industrielles.,,
AEM.TO,Intrants,Équipement minier,"Camions miniers, explosifs, énergie et services géologiques",Fournisseurs,Industrie,Indicatif,"Intrants nécessaires à l’exploration, l’extraction et la transformation.",,
AEM.TO,Secteurs impactés,Métaux et matériaux,"Construction, énergie, électronique et infrastructure",Secteur,Industrie,Indicatif,Les métaux servent plusieurs secteurs utilisateurs.,,
AQN.TO,Clients servis,Utilisateurs d’infrastructure,"Entreprises, gouvernements, ménages et utilities",Clients,Infrastructure,Indicatif,Clients finaux ou indirects des infrastructures exploitées.,,
AQN.TO,Intrants,Capital et ingénierie,"Financement, construction, exploitation et maintenance",Fournisseurs,Infrastructure,Indicatif,Intrants nécessaires aux actifs de long terme.,,
AQN.TO,Secteurs impactés,Actifs réels,"Électricité, transport, immobilier et données",Secteur,Infrastructure,Indicatif,Exposition à plusieurs infrastructures essentielles.,,
AQN.TO,Secteurs impactés,Transition énergétique,"Énergie renouvelable, réseaux et efficacité",Secteur,Énergie,Indicatif,Contribution potentielle aux infrastructures de transition.,,
ARX.TO,Clients servis,Raffinage et distribution,"Raffineries, distributeurs et clients industriels",Clients,Énergie,Indicatif,"La production alimente les carburants, la pétrochimie et les usages industriels.",,
ARX.TO,Intrants,Services pétroliers,"Forage, complétion, maintenance et équipement",Fournisseurs,Énergie,Indicatif,Services nécessaires à la production et à l’entretien des actifs.,,
ARX.TO,Intrants,Transport et infrastructures,"Pipelines, terminaux, rail et stockage",Fournisseurs,Transport,Indicatif,Infrastructure utilisée pour déplacer la production vers les marchés.,,
ARX.TO,Secteurs impactés,Revenus publics,"Redevances, taxes et emploi régional",Secteur,Gouvernement,Indicatif,Les producteurs contribuent aux recettes publiques et aux emplois régionaux.,,
ARX.TO,Secteurs impactés,Énergie finale,"Transport, industrie, chimie et ménages",Secteur,Économie réelle,Indicatif,Les hydrocarbures alimentent plusieurs secteurs d’activité.,,
ATD.TO,Clients servis,Demande discrétionnaire,"Ménages, automobilistes, restaurants, détaillants et consommateurs finaux",Clients,Consommation,Indicatif,Couverture TSX60 pour Alimentation Couche-Tard Inc.. Lecture économique sectorielle; relation contractuelle non déduite sans source spécifique.,S&P/TSX 60 constituents — sector coverage seed,https://en.wikipedia.org/wiki/S%26P/TSX_60
ATD.TO,Intrants,Approvisionnement commercial,"Marques, immobilier commercial, logistique, publicité, paiement et distribution",Fournisseurs,Consommation,Indicatif,Couverture TSX60 pour Alimentation Couche-Tard Inc.. Lecture économique sectorielle; relation contractuelle non déduite sans source spécifique.,S&P/TSX 60 constituents — sector coverage seed,https://en.wikipedia.org/wiki/S%26P/TSX_60
ATD.TO,Secteurs impactés,Consommation finale,"Retail, restauration, transport, publicité, logistique et immobilier commercial",Secteur,Consommation,Indicatif,Couverture TSX60 pour Alimentation Couche-Tard Inc.. Lecture économique sectorielle; relation contractuelle non déduite sans source spécifique.,S&P/TSX 60 constituents — sector coverage seed,https://en.wikipedia.org/wiki/S%26P/TSX_60
BAM.TO,Clients servis,Utilisateurs d’infrastructure,"Entreprises, gouvernements, ménages et utilities",Clients,Infrastructure,Indicatif,Clients finaux ou indirects des infrastructures exploitées.,,
BAM.TO,Intrants,Capital et ingénierie,"Financement, construction, exploitation et maintenance",Fournisseurs,Infrastructure,Indicatif,Intrants nécessaires aux actifs de long terme.,,
BAM.TO,Secteurs impactés,Actifs réels,"Électricité, transport, immobilier et données",Secteur,Infrastructure,Indicatif,Exposition à plusieurs infrastructures essentielles.,,
BAM.TO,Secteurs impactés,Transition énergétique,"Énergie renouvelable, réseaux et efficacité",Secteur,Énergie,Indicatif,Contribution potentielle aux infrastructures de transition.,,
BCE.TO,Clients servis,Connectivité,"Ménages, entreprises, gouvernement et médias",Clients,Services de communication,Indicatif,"Clients qui utilisent réseau mobile, internet, téléphonie et services numériques.",,
BCE.TO,Intrants,Réseau et spectre,"Tours, fibre, équipement réseau et licences de spectre",Fournisseurs,Télécommunications,Indicatif,Actifs essentiels pour connecter les clients.,,
BCE.TO,Intrants,Technologie,"Cloud, cybersécurité, logiciels et centres de données",Fournisseurs,Technologie,Indicatif,Technologies nécessaires aux services numériques et de connectivité.,,
BCE.TO,Secteurs impactés,Économie numérique,"Commerce, médias, travail hybride et services publics",Secteur,Technologie,Indicatif,La connectivité soutient de nombreux secteurs d’activité.,,
BEPC.TO,Clients servis,Utilisateurs d’infrastructure,"Entreprises, gouvernements, ménages et utilities",Clients,Infrastructure,Indicatif,Clients finaux ou indirects des infrastructures exploitées.,,
BEPC.TO,Intrants,Capital et ingénierie,"Financement, construction, exploitation et maintenance",Fournisseurs,Infrastructure,Indicatif,Intrants nécessaires aux actifs de long terme.,,
BEPC.TO,Secteurs impactés,Actifs réels,"Électricité, transport, immobilier et données",Secteur,Infrastructure,Indicatif,Exposition à plusieurs infrastructures essentielles.,,
BEPC.TO,Secteurs impactés,Transition énergétique,"Énergie renouvelable, réseaux et efficacité",Secteur,Énergie,Indicatif,Contribution potentielle aux infrastructures de transition.,,
BIP-UN.TO,Clients servis,Utilisateurs d’infrastructure,"Entreprises, gouvernements, ménages et utilities",Clients,Infrastructure,Indicatif,Clients finaux ou indirects des infrastructures exploitées.,,
BIP-UN.TO,Intrants,Capital et ingénierie,"Financement, construction, exploitation et maintenance",Fournisseurs,Infrastructure,Indicatif,Intrants nécessaires aux actifs de long terme.,,
BIP-UN.TO,Secteurs impactés,Actifs réels,"Électricité, transport, immobilier et données",Secteur,Infrastructure,Indicatif,Exposition à plusieurs infrastructures essentielles.,,
BIP-UN.TO,Secteurs impactés,Transition énergétique,"Énergie renouvelable, réseaux et efficacité",Secteur,Énergie,Indicatif,Contribution potentielle aux infrastructures de transition.,,
BMO.TO,Clients servis,Marchés financiers,Investisseurs institutionnels et gestion de patrimoine,Clients,Finance,Indicatif,"Courtages, placements, gestion d’actifs et services de marchés.",,
BMO.TO,Clients servis,Services aux entreprises,PME et grandes entreprises,Clients,Industrie,Indicatif,"Crédit, trésorerie, change, marchés financiers et services transactionnels.",,
BMO.TO,Clients servis,Services aux ménages,Clients particuliers,Clients,Consommation,Indicatif,"Comptes, cartes, hypothèques, prêts, épargne et placements.",,
BMO.TO,Intrants,Données et conformité,"Agences de crédit, conformité et gestion du risque",Fournisseurs,Services professionnels,Indicatif,Intrants utilisés pour l’octroi de crédit et la gestion des risques.,,
BMO.TO,Intrants,Infrastructure financière,Réseaux de paiement et compensation,Infrastructure,Finance,Indicatif,"Services et réseaux qui rendent possible les paiements, virements et règlements.",,
BMO.TO,Intrants,Technologie bancaire,"Cloud, cybersécurité et logiciels bancaires",Fournisseurs,Technologie,Indicatif,Base technologique nécessaire aux services numériques et à la conformité.,,
BMO.TO,Secteurs impactés,Consommation,Ménages et commerce de détail,Secteur,Consommation,Indicatif,"Cartes, prêts, épargne et solutions de paiement soutiennent la consommation.",,
BMO.TO,Secteurs impactés,Crédit aux entreprises,"Énergie, mines, industrie et technologies",Secteur,Marché canadien,Indicatif,Les banques financent plusieurs secteurs majeurs de l’économie canadienne.,,
BMO.TO,Secteurs impactés,Financement,Immobilier résidentiel et commercial,Secteur,Immobilier,Indicatif,"Exposition par prêts hypothécaires, financement de projets et crédit immobilier.",,
BN.TO,Clients servis,Utilisateurs d’infrastructure,"Entreprises, gouvernements, ménages et utilities",Clients,Infrastructure,Indicatif,Clients finaux ou indirects des infrastructures exploitées.,,
BN.TO,Intrants,Capital et ingénierie,"Financement, construction, exploitation et maintenance",Fournisseurs,Infrastructure,Indicatif,Intrants nécessaires aux actifs de long terme.,,
BN.TO,Secteurs impactés,Actifs réels,"Électricité, transport, immobilier et données",Secteur,Infrastructure,Indicatif,Exposition à plusieurs infrastructures essentielles.,,
BN.TO,Secteurs impactés,Transition énergétique,"Énergie renouvelable, réseaux et efficacité",Secteur,Énergie,Indicatif,Contribution potentielle aux infrastructures de transition.,,
BNS.TO,Clients servis,Marchés financiers,Investisseurs institutionnels et gestion de patrimoine,Clients,Finance,Indicatif,"Courtages, placements, gestion d’actifs et services de marchés.",,
BNS.TO,Clients servis,Services aux entreprises,PME et grandes entreprises,Clients,Industrie,Indicatif,"Crédit, trésorerie, change, marchés financiers et services transactionnels.",,
BNS.TO,Clients servis,Services aux ménages,Clients particuliers,Clients,Consommation,Indicatif,"Comptes, cartes, hypothèques, prêts, épargne et placements.",,
BNS.TO,Intrants,Données et conformité,"Agences de crédit, conformité et gestion du risque",Fournisseurs,Services professionnels,Indicatif,Intrants utilisés pour l’octroi de crédit et la gestion des risques.,,
BNS.TO,Intrants,Infrastructure financière,Réseaux de paiement et compensation,Infrastructure,Finance,Indicatif,"Services et réseaux qui rendent possible les paiements, virements et règlements.",,
BNS.TO,Intrants,Technologie bancaire,"Cloud, cybersécurité et logiciels bancaires",Fournisseurs,Technologie,Indicatif,Base technologique nécessaire aux services numériques et à la conformité.,,
BNS.TO,Secteurs impactés,Consommation,Ménages et commerce de détail,Secteur,Consommation,Indicatif,"Cartes, prêts, épargne et solutions de paiement soutiennent la consommation.",,
BNS.TO,Secteurs impactés,Crédit aux entreprises,"Énergie, mines, industrie et technologies",Secteur,Marché canadien,Indicatif,Les banques financent plusieurs secteurs majeurs de l’économie canadienne.,,
BNS.TO,Secteurs impactés,Financement,Immobilier résidentiel et commercial,Secteur,Immobilier,Indicatif,"Exposition par prêts hypothécaires, financement de projets et crédit immobilier.",,
CAE.TO,Clients servis,Services industriels et infrastructures,"Entreprises, gouvernements, clients d’infrastructure, logistique et construction",Clients,Industrie,Indicatif,Couverture TSX60 pour CAE Inc.. Lecture économique sectorielle; relation contractuelle non déduite sans source spécifique.,S&P/TSX 60 constituents — sector coverage seed,https://en.wikipedia.org/wiki/S%26P/TSX_60
CAE.TO,Intrants,Chaîne industrielle,"Équipement, énergie, acier, pièces, ingénierie, transport et main-d’œuvre spécialisée",Fournisseurs,Industrie,Indicatif,Couverture TSX60 pour CAE Inc.. Lecture économique sectorielle; relation contractuelle non déduite sans source spécifique.,S&P/TSX 60 constituents — sector coverage seed,https://en.wikipedia.org/wiki/S%26P/TSX_60
CAE.TO,Secteurs impactés,Capacité économique,"Transport, construction, commerce, infrastructures publiques et exportations",Secteur,Économie réelle,Indicatif,Couverture TSX60 pour CAE Inc.. Lecture économique sectorielle; relation contractuelle non déduite sans source spécifique.,S&P/TSX 60 constituents — sector coverage seed,https://en.wikipedia.org/wiki/S%26P/TSX_60
CCL-B.TO,Clients servis,Demande discrétionnaire,"Ménages, automobilistes, restaurants, détaillants et consommateurs finaux",Clients,Consommation,Indicatif,Couverture TSX60 pour CCL Industries Inc.. Lecture économique sectorielle; relation contractuelle non déduite sans source spécifique.,S&P/TSX 60 constituents — sector coverage seed,https://en.wikipedia.org/wiki/S%26P/TSX_60
CCL-B.TO,Intrants,Approvisionnement commercial,"Marques, immobilier commercial, logistique, publicité, paiement et distribution",Fournisseurs,Consommation,Indicatif,Couverture TSX60 pour CCL Industries Inc.. Lecture économique sectorielle; relation contractuelle non déduite sans source spécifique.,S&P/TSX 60 constituents — sector coverage seed,https://en.wikipedia.org/wiki/S%26P/TSX_60
CCL-B.TO,Secteurs impactés,Consommation finale,"Retail, restauration, transport, publicité, logistique et immobilier commercial",Secteur,Consommation,Indicatif,Couverture TSX60 pour CCL Industries Inc.. Lecture économique sectorielle; relation contractuelle non déduite sans source spécifique.,S&P/TSX 60 constituents — sector coverage seed,https://en.wikipedia.org/wiki/S%26P/TSX_60
CCO.TO,Clients servis,Approvisionnement énergétique,"Raffineries, utilities, industrie, transport et distributeurs",Clients,Énergie,Indicatif,Couverture TSX60 pour Cameco Corporation. Lecture économique sectorielle; relation contractuelle non déduite sans source spécifique.,S&P/TSX 60 constituents — sector coverage seed,https://en.wikipedia.org/wiki/S%26P/TSX_60
CCO.TO,Intrants,Actifs et services énergétiques,"Exploration, équipements, ingénierie, transport, maintenance et main-d’œuvre spécialisée",Fournisseurs,Énergie,Indicatif,Couverture TSX60 pour Cameco Corporation. Lecture économique sectorielle; relation contractuelle non déduite sans source spécifique.,S&P/TSX 60 constituents — sector coverage seed,https://en.wikipedia.org/wiki/S%26P/TSX_60
CCO.TO,Secteurs impactés,Usage final de l’énergie,"Transport, chauffage, industrie lourde, chimie et exportations",Secteur,Économie réelle,Indicatif,Couverture TSX60 pour Cameco Corporation. Lecture économique sectorielle; relation contractuelle non déduite sans source spécifique.,S&P/TSX 60 constituents — sector coverage seed,https://en.wikipedia.org/wiki/S%26P/TSX_60
CLS.TO,Clients servis,Solutions numériques,"Entreprises, commerçants, développeurs, institutions et utilisateurs finaux",Clients,Technologie,Indicatif,Couverture TSX60 pour Celestica Inc.. Lecture économique sectorielle; relation contractuelle non déduite sans source spécifique.,S&P/TSX 60 constituents — sector coverage seed,https://en.wikipedia.org/wiki/S%26P/TSX_60
CLS.TO,Intrants,Infrastructure numérique,"Cloud, semi-conducteurs, cybersécurité, données, talents logiciels et plateformes partenaires",Fournisseurs,Technologie,Indicatif,Couverture TSX60 pour Celestica Inc.. Lecture économique sectorielle; relation contractuelle non déduite sans source spécifique.,S&P/TSX 60 constituents — sector coverage seed,https://en.wikipedia.org/wiki/S%26P/TSX_60
CLS.TO,Secteurs impactés,Numérisation,"Commerce, finance, industrie, productivité, paiements, données et automatisation",Secteur,Économie numérique,Indicatif,Couverture TSX60 pour Celestica Inc.. Lecture économique sectorielle; relation contractuelle non déduite sans source spécifique.,S&P/TSX 60 constituents — sector coverage seed,https://en.wikipedia.org/wiki/S%26P/TSX_60
CM.TO,Clients servis,Marchés financiers,Investisseurs institutionnels et gestion de patrimoine,Clients,Finance,Indicatif,"Courtages, placements, gestion d’actifs et services de marchés.",,
CM.TO,Clients servis,Services aux entreprises,PME et grandes entreprises,Clients,Industrie,Indicatif,"Crédit, trésorerie, change, marchés financiers et services transactionnels.",,
CM.TO,Clients servis,Services aux ménages,Clients particuliers,Clients,Consommation,Indicatif,"Comptes, cartes, hypothèques, prêts, épargne et placements.",,
CM.TO,Intrants,Données et conformité,"Agences de crédit, conformité et gestion du risque",Fournisseurs,Services professionnels,Indicatif,Intrants utilisés pour l’octroi de crédit et la gestion des risques.,,
CM.TO,Intrants,Infrastructure financière,Réseaux de paiement et compensation,Infrastructure,Finance,Indicatif,"Services et réseaux qui rendent possible les paiements, virements et règlements.",,
CM.TO,Intrants,Technologie bancaire,"Cloud, cybersécurité et logiciels bancaires",Fournisseurs,Technologie,Indicatif,Base technologique nécessaire aux services numériques et à la conformité.,,
CM.TO,Secteurs impactés,Consommation,Ménages et commerce de détail,Secteur,Consommation,Indicatif,"Cartes, prêts, épargne et solutions de paiement soutiennent la consommation.",,
CM.TO,Secteurs impactés,Crédit aux entreprises,"Énergie, mines, industrie et technologies",Secteur,Marché canadien,Indicatif,Les banques financent plusieurs secteurs majeurs de l’économie canadienne.,,
CM.TO,Secteurs impactés,Financement,Immobilier résidentiel et commercial,Secteur,Immobilier,Indicatif,"Exposition par prêts hypothécaires, financement de projets et crédit immobilier.",,
CNQ.TO,Clients servis,Raffinage et distribution,"Raffineries, distributeurs et clients industriels",Clients,Énergie,Indicatif,"La production alimente les carburants, la pétrochimie et les usages industriels.",,
CNQ.TO,Intrants,Services pétroliers,"Forage, complétion, maintenance et équipement",Fournisseurs,Énergie,Indicatif,Services nécessaires à la production et à l’entretien des actifs.,,
CNQ.TO,Intrants,Transport et infrastructures,"Pipelines, terminaux, rail et stockage",Fournisseurs,Transport,Indicatif,Infrastructure utilisée pour déplacer la production vers les marchés.,,
CNQ.TO,Secteurs impactés,Revenus publics,"Redevances, taxes et emploi régional",Secteur,Gouvernement,Indicatif,Les producteurs contribuent aux recettes publiques et aux emplois régionaux.,,
CNQ.TO,Secteurs impactés,Énergie finale,"Transport, industrie, chimie et ménages",Secteur,Économie réelle,Indicatif,Les hydrocarbures alimentent plusieurs secteurs d’activité.,,
CNR.TO,Clients servis,Expéditeurs,"Agriculture, énergie, mines, autos et retail",Clients,Transport,Indicatif,Les expéditeurs utilisent le rail pour déplacer marchandises et intrants.,,
CNR.TO,Intrants,Matériel ferroviaire,"Locomotives, wagons, rails et signalisation",Fournisseurs,Industrie,Indicatif,Équipements physiques nécessaires à l’exploitation ferroviaire.,,
CNR.TO,Intrants,Énergie et main-d’œuvre,"Carburant, ateliers, conducteurs et maintenance",Fournisseurs,Transport,Indicatif,Intrants opérationnels clés du réseau ferroviaire.,,
CNR.TO,Secteurs impactés,Chaînes logistiques,"Commerce, agriculture, ressources et ports",Secteur,Logistique,Indicatif,"Le rail relie producteurs, ports, entrepôts et marchés.",,
CNR.TO,Secteurs impactés,Compétitivité,Exportations canadiennes,Secteur,Commerce international,Indicatif,Le rail soutient les flux d’exportation et les échanges interprovinciaux.,,
CP.TO,Clients servis,Expéditeurs,"Agriculture, énergie, mines, autos et retail",Clients,Transport,Indicatif,Les expéditeurs utilisent le rail pour déplacer marchandises et intrants.,,
CP.TO,Intrants,Matériel ferroviaire,"Locomotives, wagons, rails et signalisation",Fournisseurs,Industrie,Indicatif,Équipements physiques nécessaires à l’exploitation ferroviaire.,,
CP.TO,Intrants,Énergie et main-d’œuvre,"Carburant, ateliers, conducteurs et maintenance",Fournisseurs,Transport,Indicatif,Intrants opérationnels clés du réseau ferroviaire.,,
CP.TO,Secteurs impactés,Chaînes logistiques,"Commerce, agriculture, ressources et ports",Secteur,Logistique,Indicatif,"Le rail relie producteurs, ports, entrepôts et marchés.",,
CP.TO,Secteurs impactés,Compétitivité,Exportations canadiennes,Secteur,Commerce international,Indicatif,Le rail soutient les flux d’exportation et les échanges interprovinciaux.,,
CPX.TO,Clients servis,Utilisateurs d’infrastructure,"Entreprises, gouvernements, ménages et utilities",Clients,Infrastructure,Indicatif,Clients finaux ou indirects des infrastructures exploitées.,,
CPX.TO,Intrants,Capital et ingénierie,"Financement, construction, exploitation et maintenance",Fournisseurs,Infrastructure,Indicatif,Intrants nécessaires aux actifs de long terme.,,
CPX.TO,Secteurs impactés,Actifs réels,"Électricité, transport, immobilier et données",Secteur,Infrastructure,Indicatif,Exposition à plusieurs infrastructures essentielles.,,
CPX.TO,Secteurs impactés,Transition énergétique,"Énergie renouvelable, réseaux et efficacité",Secteur,Énergie,Indicatif,Contribution potentielle aux infrastructures de transition.,,
CSU.TO,Clients servis,Solutions numériques,"Entreprises, commerçants, développeurs, institutions et utilisateurs finaux",Clients,Technologie,Indicatif,Couverture TSX60 pour Constellation Software Inc.. Lecture économique sectorielle; relation contractuelle non déduite sans source spécifique.,S&P/TSX 60 constituents — sector coverage seed,https://en.wikipedia.org/wiki/S%26P/TSX_60
CSU.TO,Intrants,Infrastructure numérique,"Cloud, semi-conducteurs, cybersécurité, données, talents logiciels et plateformes partenaires",Fournisseurs,Technologie,Indicatif,Couverture TSX60 pour Constellation Software Inc.. Lecture économique sectorielle; relation contractuelle non déduite sans source spécifique.,S&P/TSX 60 constituents — sector coverage seed,https://en.wikipedia.org/wiki/S%26P/TSX_60
CSU.TO,Secteurs impactés,Numérisation,"Commerce, finance, industrie, productivité, paiements, données et automatisation",Secteur,Économie numérique,Indicatif,Couverture TSX60 pour Constellation Software Inc.. Lecture économique sectorielle; relation contractuelle non déduite sans source spécifique.,S&P/TSX 60 constituents — sector coverage seed,https://en.wikipedia.org/wiki/S%26P/TSX_60
CTC-A.TO,Clients servis,Demande discrétionnaire,"Ménages, automobilistes, restaurants, détaillants et consommateurs finaux",Clients,Consommation,Indicatif,Couverture TSX60 pour Canadian Tire Corporation Limited. Lecture économique sectorielle; relation contractuelle non déduite sans source spécifique.,S&P/TSX 60 constituents — sector coverage seed,https://en.wikipedia.org/wiki/S%26P/TSX_60
CTC-A.TO,Intrants,Approvisionnement commercial,"Marques, immobilier commercial, logistique, publicité, paiement et distribution",Fournisseurs,Consommation,Indicatif,Couverture TSX60 pour Canadian Tire Corporation Limited. Lecture économique sectorielle; relation contractuelle non déduite sans source spécifique.,S&P/TSX 60 constituents — sector coverage seed,https://en.wikipedia.org/wiki/S%26P/TSX_60
CTC-A.TO,Secteurs impactés,Consommation finale,"Retail, restauration, transport, publicité, logistique et immobilier commercial",Secteur,Consommation,Indicatif,Couverture TSX60 pour Canadian Tire Corporation Limited. Lecture économique sectorielle; relation contractuelle non déduite sans source spécifique.,S&P/TSX 60 constituents — sector coverage seed,https://en.wikipedia.org/wiki/S%26P/TSX_60
CVE.TO,Clients servis,Raffinage et distribution,"Raffineries, distributeurs et clients industriels",Clients,Énergie,Indicatif,"La production alimente les carburants, la pétrochimie et les usages industriels.",,
CVE.TO,Intrants,Services pétroliers,"Forage, complétion, maintenance et équipement",Fournisseurs,Énergie,Indicatif,Services nécessaires à la production et à l’entretien des actifs.,,
CVE.TO,Intrants,Transport et infrastructures,"Pipelines, terminaux, rail et stockage",Fournisseurs,Transport,Indicatif,Infrastructure utilisée pour déplacer la production vers les marchés.,,
CVE.TO,Secteurs impactés,Revenus publics,"Redevances, taxes et emploi régional",Secteur,Gouvernement,Indicatif,Les producteurs contribuent aux recettes publiques et aux emplois régionaux.,,
CVE.TO,Secteurs impactés,Énergie finale,"Transport, industrie, chimie et ménages",Secteur,Économie réelle,Indicatif,Les hydrocarbures alimentent plusieurs secteurs d’activité.,,
DOL.TO,Clients servis,Consommation récurrente,"Ménages, épiceries, pharmacies, restaurants et canaux de distribution",Clients,Consommation,Indicatif,Couverture TSX60 pour Dollarama Inc.. Lecture économique sectorielle; relation contractuelle non déduite sans source spécifique.,S&P/TSX 60 constituents — sector coverage seed,https://en.wikipedia.org/wiki/S%26P/TSX_60
DOL.TO,Intrants,Approvisionnement essentiel,"Agriculture, transformation alimentaire, emballage, logistique, froid et distribution",Fournisseurs,Biens essentiels,Indicatif,Couverture TSX60 pour Dollarama Inc.. Lecture économique sectorielle; relation contractuelle non déduite sans source spécifique.,S&P/TSX 60 constituents — sector coverage seed,https://en.wikipedia.org/wiki/S%26P/TSX_60
DOL.TO,Secteurs impactés,Biens essentiels,"Alimentation, pharmacie, agriculture, transport réfrigéré et commerce de détail",Secteur,Consommation,Indicatif,Couverture TSX60 pour Dollarama Inc.. Lecture économique sectorielle; relation contractuelle non déduite sans source spécifique.,S&P/TSX 60 constituents — sector coverage seed,https://en.wikipedia.org/wiki/S%26P/TSX_60
EMA.TO,Clients servis,Utilisateurs d’infrastructure,"Entreprises, gouvernements, ménages et utilities",Clients,Infrastructure,Indicatif,Clients finaux ou indirects des infrastructures exploitées.,,
EMA.TO,Intrants,Capital et ingénierie,"Financement, construction, exploitation et maintenance",Fournisseurs,Infrastructure,Indicatif,Intrants nécessaires aux actifs de long terme.,,
EMA.TO,Secteurs impactés,Actifs réels,"Électricité, transport, immobilier et données",Secteur,Infrastructure,Indicatif,Exposition à plusieurs infrastructures essentielles.,,
EMA.TO,Secteurs impactés,Transition énergétique,"Énergie renouvelable, réseaux et efficacité",Secteur,Énergie,Indicatif,Contribution potentielle aux infrastructures de transition.,,
ENB.TO,Clients servis,Distribution finale,"Raffineries, utilities, industrie et ménages",Clients,Énergie,Indicatif,L’énergie transportée sert ensuite les consommateurs industriels et finaux.,,
ENB.TO,Clients servis,Transport énergétique,"Producteurs de pétrole, gaz et électricité",Clients,Énergie,Indicatif,Les producteurs utilisent les réseaux pour transporter et commercialiser l’énergie.,,
ENB.TO,Intrants,Construction et ingénierie,"Services d’ingénierie, construction et maintenance",Fournisseurs,Industrie,Indicatif,"Services pour bâtir, maintenir et sécuriser les infrastructures.",,
ENB.TO,Intrants,Équipement énergétique,"Tuyauterie, compresseurs, turbines et capteurs",Fournisseurs,Industrie,Indicatif,Équipements nécessaires aux réseaux d’énergie.,,
ENB.TO,Secteurs impactés,Capex industriel,"Construction, acier, services industriels",Secteur,Industrie,Indicatif,Les grands réseaux stimulent des chaînes de services industriels.,,
ENB.TO,Secteurs impactés,Sécurité énergétique,"Industrie lourde, utilities et chauffage",Secteur,Énergie,Indicatif,Infrastructure qui soutient la disponibilité énergétique.,,
FFH.TO,Clients servis,Capital et protection financière,"Ménages, PME, grandes entreprises, investisseurs et titulaires de polices",Clients,Finance,Indicatif,Couverture TSX60 pour Fairfax Financial Holdings Limited. Lecture économique sectorielle; relation contractuelle non déduite sans source spécifique.,S&P/TSX 60 constituents — sector coverage seed,https://en.wikipedia.org/wiki/S%26P/TSX_60
FFH.TO,Intrants,Infrastructure financière,"Paiements, données, cybersécurité, conformité et gestion du risque",Infrastructure,Finance,Indicatif,Couverture TSX60 pour Fairfax Financial Holdings Limited. Lecture économique sectorielle; relation contractuelle non déduite sans source spécifique.,S&P/TSX 60 constituents — sector coverage seed,https://en.wikipedia.org/wiki/S%26P/TSX_60
FFH.TO,Secteurs impactés,Allocation du capital,"Immobilier, consommation, marchés financiers, industrie et épargne retraite",Secteur,Économie réelle,Indicatif,Couverture TSX60 pour Fairfax Financial Holdings Limited. Lecture économique sectorielle; relation contractuelle non déduite sans source spécifique.,S&P/TSX 60 constituents — sector coverage seed,https://en.wikipedia.org/wiki/S%26P/TSX_60
FM.TO,Clients servis,Transformateurs,"Fonderies, raffineurs, fabricants et négociants",Clients,Matériaux,Indicatif,La production minière alimente plusieurs chaînes industrielles.,,
FM.TO,Intrants,Équipement minier,"Camions miniers, explosifs, énergie et services géologiques",Fournisseurs,Industrie,Indicatif,"Intrants nécessaires à l’exploration, l’extraction et la transformation.",,
FM.TO,Secteurs impactés,Métaux et matériaux,"Construction, énergie, électronique et infrastructure",Secteur,Industrie,Indicatif,Les métaux servent plusieurs secteurs utilisateurs.,,
FNV.TO,Clients servis,"Métaux, matériaux et intrants industriels","Raffineries, aciéries, batteries, agriculture, bijouterie et industriels",Clients,Matériaux,Indicatif,Couverture TSX60 pour Franco-Nevada Corporation. Lecture économique sectorielle; relation contractuelle non déduite sans source spécifique.,S&P/TSX 60 constituents — sector coverage seed,https://en.wikipedia.org/wiki/S%26P/TSX_60
FNV.TO,Intrants,Chaîne minière et matériaux,"Exploration, équipement minier, énergie, eau, transport et main-d’œuvre spécialisée",Fournisseurs,Matériaux,Indicatif,Couverture TSX60 pour Franco-Nevada Corporation. Lecture économique sectorielle; relation contractuelle non déduite sans source spécifique.,S&P/TSX 60 constituents — sector coverage seed,https://en.wikipedia.org/wiki/S%26P/TSX_60
FNV.TO,Secteurs impactés,Matières premières économiques,"Construction, énergie, technologies propres, agriculture et fabrication",Secteur,Économie réelle,Indicatif,Couverture TSX60 pour Franco-Nevada Corporation. Lecture économique sectorielle; relation contractuelle non déduite sans source spécifique.,S&P/TSX 60 constituents — sector coverage seed,https://en.wikipedia.org/wiki/S%26P/TSX_60
FSV.TO,Clients servis,Services immobiliers,"Propriétaires, occupants, investisseurs, copropriétés et entreprises",Clients,Immobilier,Indicatif,Couverture TSX60 pour FirstService Corporation. Lecture économique sectorielle; relation contractuelle non déduite sans source spécifique.,S&P/TSX 60 constituents — sector coverage seed,https://en.wikipedia.org/wiki/S%26P/TSX_60
FSV.TO,Intrants,Immobilier et services de propriété,"Capital, courtage, gestion immobilière, maintenance, données et services professionnels",Fournisseurs,Immobilier,Indicatif,Couverture TSX60 pour FirstService Corporation. Lecture économique sectorielle; relation contractuelle non déduite sans source spécifique.,S&P/TSX 60 constituents — sector coverage seed,https://en.wikipedia.org/wiki/S%26P/TSX_60
FSV.TO,Secteurs impactés,Actifs physiques,"Logement, bureaux, commerce, infrastructures urbaines et gestion d’actifs",Secteur,Immobilier,Indicatif,Couverture TSX60 pour FirstService Corporation. Lecture économique sectorielle; relation contractuelle non déduite sans source spécifique.,S&P/TSX 60 constituents — sector coverage seed,https://en.wikipedia.org/wiki/S%26P/TSX_60
FTS.TO,Clients servis,Utilisateurs d’infrastructure,"Entreprises, gouvernements, ménages et utilities",Clients,Infrastructure,Indicatif,Clients finaux ou indirects des infrastructures exploitées.,,
FTS.TO,Intrants,Capital et ingénierie,"Financement, construction, exploitation et maintenance",Fournisseurs,Infrastructure,Indicatif,Intrants nécessaires aux actifs de long terme.,,
FTS.TO,Secteurs impactés,Actifs réels,"Électricité, transport, immobilier et données",Secteur,Infrastructure,Indicatif,Exposition à plusieurs infrastructures essentielles.,,
FTS.TO,Secteurs impactés,Transition énergétique,"Énergie renouvelable, réseaux et efficacité",Secteur,Énergie,Indicatif,Contribution potentielle aux infrastructures de transition.,,
GIB-A.TO,Clients servis,Solutions numériques,"Entreprises, commerçants, développeurs, institutions et utilisateurs finaux",Clients,Technologie,Indicatif,Couverture TSX60 pour CGI Inc.. Lecture économique sectorielle; relation contractuelle non déduite sans source spécifique.,S&P/TSX 60 constituents — sector coverage seed,https://en.wikipedia.org/wiki/S%26P/TSX_60
GIB-A.TO,Intrants,Infrastructure numérique,"Cloud, semi-conducteurs, cybersécurité, données, talents logiciels et plateformes partenaires",Fournisseurs,Technologie,Indicatif,Couverture TSX60 pour CGI Inc.. Lecture économique sectorielle; relation contractuelle non déduite sans source spécifique.,S&P/TSX 60 constituents — sector coverage seed,https://en.wikipedia.org/wiki/S%26P/TSX_60
GIB-A.TO,Secteurs impactés,Numérisation,"Commerce, finance, industrie, productivité, paiements, données et automatisation",Secteur,Économie numérique,Indicatif,Couverture TSX60 pour CGI Inc.. Lecture économique sectorielle; relation contractuelle non déduite sans source spécifique.,S&P/TSX 60 constituents — sector coverage seed,https://en.wikipedia.org/wiki/S%26P/TSX_60
GIL.TO,Clients servis,Demande discrétionnaire,"Ménages, automobilistes, restaurants, détaillants et consommateurs finaux",Clients,Consommation,Indicatif,Couverture TSX60 pour Gildan Activewear Inc.. Lecture économique sectorielle; relation contractuelle non déduite sans source spécifique.,S&P/TSX 60 constituents — sector coverage seed,https://en.wikipedia.org/wiki/S%26P/TSX_60
GIL.TO,Intrants,Approvisionnement commercial,"Marques, immobilier commercial, logistique, publicité, paiement et distribution",Fournisseurs,Consommation,Indicatif,Couverture TSX60 pour Gildan Activewear Inc.. Lecture économique sectorielle; relation contractuelle non déduite sans source spécifique.,S&P/TSX 60 constituents — sector coverage seed,https://en.wikipedia.org/wiki/S%26P/TSX_60
GIL.TO,Secteurs impactés,Consommation finale,"Retail, restauration, transport, publicité, logistique et immobilier commercial",Secteur,Consommation,Indicatif,Couverture TSX60 pour Gildan Activewear Inc.. Lecture économique sectorielle; relation contractuelle non déduite sans source spécifique.,S&P/TSX 60 constituents — sector coverage seed,https://en.wikipedia.org/wiki/S%26P/TSX_60
H.TO,Clients servis,Services essentiels,"Ménages, entreprises, municipalités et clients industriels",Clients,Services publics,Indicatif,Couverture TSX60 pour Hydro One Limited. Lecture économique sectorielle; relation contractuelle non déduite sans source spécifique.,S&P/TSX 60 constituents — sector coverage seed,https://en.wikipedia.org/wiki/S%26P/TSX_60
H.TO,Intrants,Réseaux et actifs régulés,"Production, transport, distribution, maintenance, capitaux et équipements électriques",Fournisseurs,Services publics,Indicatif,Couverture TSX60 pour Hydro One Limited. Lecture économique sectorielle; relation contractuelle non déduite sans source spécifique.,S&P/TSX 60 constituents — sector coverage seed,https://en.wikipedia.org/wiki/S%26P/TSX_60
H.TO,Secteurs impactés,Électrification et résilience,"Immobilier, industrie, collectivités, électrification et transition énergétique",Secteur,Économie réelle,Indicatif,Couverture TSX60 pour Hydro One Limited. Lecture économique sectorielle; relation contractuelle non déduite sans source spécifique.,S&P/TSX 60 constituents — sector coverage seed,https://en.wikipedia.org/wiki/S%26P/TSX_60
IFC.TO,Clients servis,Capital et protection financière,"Ménages, PME, grandes entreprises, investisseurs et titulaires de polices",Clients,Finance,Indicatif,Couverture TSX60 pour Intact Financial Corporation. Lecture économique sectorielle; relation contractuelle non déduite sans source spécifique.,S&P/TSX 60 constituents — sector coverage seed,https://en.wikipedia.org/wiki/S%26P/TSX_60
IFC.TO,Intrants,Infrastructure financière,"Paiements, données, cybersécurité, conformité et gestion du risque",Infrastructure,Finance,Indicatif,Couverture TSX60 pour Intact Financial Corporation. Lecture économique sectorielle; relation contractuelle non déduite sans source spécifique.,S&P/TSX 60 constituents — sector coverage seed,https://en.wikipedia.org/wiki/S%26P/TSX_60
IFC.TO,Secteurs impactés,Allocation du capital,"Immobilier, consommation, marchés financiers, industrie et épargne retraite",Secteur,Économie réelle,Indicatif,Couverture TSX60 pour Intact Financial Corporation. Lecture économique sectorielle; relation contractuelle non déduite sans source spécifique.,S&P/TSX 60 constituents — sector coverage seed,https://en.wikipedia.org/wiki/S%26P/TSX_60
IMO.TO,Clients servis,Raffinage et distribution,"Raffineries, distributeurs et clients industriels",Clients,Énergie,Indicatif,"La production alimente les carburants, la pétrochimie et les usages industriels.",,
IMO.TO,Intrants,Services pétroliers,"Forage, complétion, maintenance et équipement",Fournisseurs,Énergie,Indicatif,Services nécessaires à la production et à l’entretien des actifs.,,
IMO.TO,Intrants,Transport et infrastructures,"Pipelines, terminaux, rail et stockage",Fournisseurs,Transport,Indicatif,Infrastructure utilisée pour déplacer la production vers les marchés.,,
IMO.TO,Secteurs impactés,Revenus publics,"Redevances, taxes et emploi régional",Secteur,Gouvernement,Indicatif,Les producteurs contribuent aux recettes publiques et aux emplois régionaux.,,
IMO.TO,Secteurs impactés,Énergie finale,"Transport, industrie, chimie et ménages",Secteur,Économie réelle,Indicatif,Les hydrocarbures alimentent plusieurs secteurs d’activité.,,
K.TO,Clients servis,"Métaux, matériaux et intrants industriels","Raffineries, aciéries, batteries, agriculture, bijouterie et industriels",Clients,Matériaux,Indicatif,Couverture TSX60 pour Kinross Gold Corporation. Lecture économique sectorielle; relation contractuelle non déduite sans source spécifique.,S&P/TSX 60 constituents — sector coverage seed,https://en.wikipedia.org/wiki/S%26P/TSX_60
K.TO,Intrants,Chaîne minière et matériaux,"Exploration, équipement minier, énergie, eau, transport et main-d’œuvre spécialisée",Fournisseurs,Matériaux,Indicatif,Couverture TSX60 pour Kinross Gold Corporation. Lecture économique sectorielle; relation contractuelle non déduite sans source spécifique.,S&P/TSX 60 constituents — sector coverage seed,https://en.wikipedia.org/wiki/S%26P/TSX_60
K.TO,Secteurs impactés,Matières premières économiques,"Construction, énergie, technologies propres, agriculture et fabrication",Secteur,Économie réelle,Indicatif,Couverture TSX60 pour Kinross Gold Corporation. Lecture économique sectorielle; relation contractuelle non déduite sans source spécifique.,S&P/TSX 60 constituents — sector coverage seed,https://en.wikipedia.org/wiki/S%26P/TSX_60
KEY.TO,Clients servis,Distribution finale,"Raffineries, utilities, industrie et ménages",Clients,Énergie,Indicatif,L’énergie transportée sert ensuite les consommateurs industriels et finaux.,,
KEY.TO,Clients servis,Transport énergétique,"Producteurs de pétrole, gaz et électricité",Clients,Énergie,Indicatif,Les producteurs utilisent les réseaux pour transporter et commercialiser l’énergie.,,
KEY.TO,Intrants,Construction et ingénierie,"Services d’ingénierie, construction et maintenance",Fournisseurs,Industrie,Indicatif,"Services pour bâtir, maintenir et sécuriser les infrastructures.",,
KEY.TO,Intrants,Équipement énergétique,"Tuyauterie, compresseurs, turbines et capteurs",Fournisseurs,Industrie,Indicatif,Équipements nécessaires aux réseaux d’énergie.,,
KEY.TO,Secteurs impactés,Capex industriel,"Construction, acier, services industriels",Secteur,Industrie,Indicatif,Les grands réseaux stimulent des chaînes de services industriels.,,
KEY.TO,Secteurs impactés,Sécurité énergétique,"Industrie lourde, utilities et chauffage",Secteur,Énergie,Indicatif,Infrastructure qui soutient la disponibilité énergétique.,,
L.TO,Clients servis,Consommation récurrente,"Ménages, épiceries, pharmacies, restaurants et canaux de distribution",Clients,Consommation,Indicatif,Couverture TSX60 pour Loblaw Companies Limited. Lecture économique sectorielle; relation contractuelle non déduite sans source spécifique.,S&P/TSX 60 constituents — sector coverage seed,https://en.wikipedia.org/wiki/S%26P/TSX_60
L.TO,Intrants,Approvisionnement essentiel,"Agriculture, transformation alimentaire, emballage, logistique, froid et distribution",Fournisseurs,Biens essentiels,Indicatif,Couverture TSX60 pour Loblaw Companies Limited. Lecture économique sectorielle; relation contractuelle non déduite sans source spécifique.,S&P/TSX 60 constituents — sector coverage seed,https://en.wikipedia.org/wiki/S%26P/TSX_60
L.TO,Secteurs impactés,Biens essentiels,"Alimentation, pharmacie, agriculture, transport réfrigéré et commerce de détail",Secteur,Consommation,Indicatif,Couverture TSX60 pour Loblaw Companies Limited. Lecture économique sectorielle; relation contractuelle non déduite sans source spécifique.,S&P/TSX 60 constituents — sector coverage seed,https://en.wikipedia.org/wiki/S%26P/TSX_60
LUN.TO,Clients servis,Transformateurs,"Fonderies, raffineurs, fabricants et négociants",Clients,Matériaux,Indicatif,La production minière alimente plusieurs chaînes industrielles.,,
LUN.TO,Intrants,Équipement minier,"Camions miniers, explosifs, énergie et services géologiques",Fournisseurs,Industrie,Indicatif,"Intrants nécessaires à l’exploration, l’extraction et la transformation.",,
LUN.TO,Secteurs impactés,Métaux et matériaux,"Construction, énergie, électronique et infrastructure",Secteur,Industrie,Indicatif,Les métaux servent plusieurs secteurs utilisateurs.,,
MDA.TO,Clients servis,Contrat satellite majeur,Telesat Lightspeed — 198 satellites LEO,Client / programme,Communications satellitaires,Documenté,"MDA a été choisi comme maître d’œuvre satellite pour la constellation Lightspeed, avec une commande initiale de 198 satellites.",MDA — contrat Telesat Lightspeed,https://mda.space/article/mda-selected-as-prime-satellite-contractor-for-telesat
MDA.TO,Clients servis,Mission partenaire,Industrie mondiale de la défense et de l’espace,Marché final,Défense / espace,Documenté,MDA se présente comme partenaire de mission de l’industrie mondiale de la défense et de l’espace.,MDA Space — site officiel,https://mda.space/
MDA.TO,Clients servis,Robotique spatiale,Agence spatiale canadienne — Canadarm3 / Gateway,Client gouvernemental,Exploration spatiale,Documenté,MDA a annoncé un contrat de 1 G$ CA de l’Agence spatiale canadienne pour les phases suivantes de Canadarm3.,MDA IR — contrat Canadarm3 2024,https://mda-en.investorroom.com/2024-06-27-MDA-SPACE-AWARDED-1B-CONTRACT-TO-DESIGN-AND-DELIVER-CANADARM3-FLIGHT-SYSTEM
MDA.TO,Intrants,Chaîne d’approvisionnement satellites,Réseau de fournisseurs du programme Telesat Lightspeed,Fournisseurs,Aérospatiale / satellites,Documenté,Telesat a indiqué que MDA avait sélectionné et intégré plus de 90 % des fournisseurs du programme Lightspeed.,Telesat — financement Lightspeed 2024,https://www.telesat.com/press/press-releases/telesat-completes-2-54-billion-funding-agreements-for-telesat-lightspeed-satellite-constellation-with-strong-government-backing/
MDA.TO,Intrants,Technologie satellite,"MDA AURORA, plateforme numérique de satellites",Plateforme interne,Systèmes satellitaires,Documenté,MDA AURORA est présentée comme la ligne de produits numérique alimentant les satellites Lightspeed.,Telesat / MDA — Lightspeed milestone,https://www.telesat.com/press/press-releases/telesat-and-mda-space-complete-key-milestone-for-telesat-lightspeed-constellation/
MDA.TO,Secteurs impactés,Connectivité orbitale,"Broadband spatial, connectivité entreprise, direct-to-device et IoT",Secteur servi,Télécommunications,Documenté,"Les solutions de communications par satellites de MDA comprennent broadband spatial, direct-to-device et IoT.",Yahoo Finance — profil MDA,https://ca.finance.yahoo.com/quote/MDA.TO/
MDA.TO,Secteurs impactés,Exploration et infrastructure spatiale,"Gateway, opérations lunaires, maintenance et assemblage robotisés",Secteur servi,Exploration spatiale,Documenté,"Canadarm3 est conçu pour le Gateway lunaire et des tâches autonomes de maintenance, assemblage et soutien aux astronautes.",MDA — Canadarm3,https://mda.space/canadarm3
MDA.TO,Secteurs impactés,Observation de la Terre et données,"Geointelligence, Earth and space observation",Segment,Données spatiales,Documenté,"MDA décrit ses activités comme couvrant satellites, observation de la Terre et de l’espace, exploration et infrastructure spatiale.",MDA Space — site officiel,https://mda.space/
MDA.TO,Secteurs impactés,Segments opérationnels,"Geointelligence, Robotics & Space Operations, Satellite Systems",Segments MDA,Aérospatiale,Documenté,"Les résultats 2024 de MDA présentent les trois secteurs d’activité : Geointelligence, Robotics & Space Operations et Satellite Systems.",MDA IR — résultats 2024,https://mda-en.investorroom.com/2025-03-07-MDA-SPACE-REPORTS-FOURTH-QUARTER-AND-FISCAL-2024-RESULTS
MFC.TO,Clients servis,Capital et protection financière,"Ménages, PME, grandes entreprises, investisseurs et titulaires de polices",Clients,Finance,Indicatif,Couverture TSX60 pour Manulife Financial Corporation. Lecture économique sectorielle; relation contractuelle non déduite sans source spécifique.,S&P/TSX 60 constituents — sector coverage seed,https://en.wikipedia.org/wiki/S%26P/TSX_60
MFC.TO,Intrants,Infrastructure financière,"Paiements, données, cybersécurité, conformité et gestion du risque",Infrastructure,Finance,Indicatif,Couverture TSX60 pour Manulife Financial Corporation. Lecture économique sectorielle; relation contractuelle non déduite sans source spécifique.,S&P/TSX 60 constituents — sector coverage seed,https://en.wikipedia.org/wiki/S%26P/TSX_60
MFC.TO,Secteurs impactés,Allocation du capital,"Immobilier, consommation, marchés financiers, industrie et épargne retraite",Secteur,Économie réelle,Indicatif,Couverture TSX60 pour Manulife Financial Corporation. Lecture économique sectorielle; relation contractuelle non déduite sans source spécifique.,S&P/TSX 60 constituents — sector coverage seed,https://en.wikipedia.org/wiki/S%26P/TSX_60
MG.TO,Clients servis,Demande discrétionnaire,"Ménages, automobilistes, restaurants, détaillants et consommateurs finaux",Clients,Consommation,Indicatif,Couverture TSX60 pour Magna International Inc.. Lecture économique sectorielle; relation contractuelle non déduite sans source spécifique.,S&P/TSX 60 constituents — sector coverage seed,https://en.wikipedia.org/wiki/S%26P/TSX_60
MG.TO,Intrants,Approvisionnement commercial,"Marques, immobilier commercial, logistique, publicité, paiement et distribution",Fournisseurs,Consommation,Indicatif,Couverture TSX60 pour Magna International Inc.. Lecture économique sectorielle; relation contractuelle non déduite sans source spécifique.,S&P/TSX 60 constituents — sector coverage seed,https://en.wikipedia.org/wiki/S%26P/TSX_60
MG.TO,Secteurs impactés,Consommation finale,"Retail, restauration, transport, publicité, logistique et immobilier commercial",Secteur,Consommation,Indicatif,Couverture TSX60 pour Magna International Inc.. Lecture économique sectorielle; relation contractuelle non déduite sans source spécifique.,S&P/TSX 60 constituents — sector coverage seed,https://en.wikipedia.org/wiki/S%26P/TSX_60
MRU.TO,Clients servis,Consommation récurrente,"Ménages, épiceries, pharmacies, restaurants et canaux de distribution",Clients,Consommation,Indicatif,Couverture TSX60 pour Metro Inc.. Lecture économique sectorielle; relation contractuelle non déduite sans source spécifique.,S&P/TSX 60 constituents — sector coverage seed,https://en.wikipedia.org/wiki/S%26P/TSX_60
MRU.TO,Intrants,Approvisionnement essentiel,"Agriculture, transformation alimentaire, emballage, logistique, froid et distribution",Fournisseurs,Biens essentiels,Indicatif,Couverture TSX60 pour Metro Inc.. Lecture économique sectorielle; relation contractuelle non déduite sans source spécifique.,S&P/TSX 60 constituents — sector coverage seed,https://en.wikipedia.org/wiki/S%26P/TSX_60
MRU.TO,Secteurs impactés,Biens essentiels,"Alimentation, pharmacie, agriculture, transport réfrigéré et commerce de détail",Secteur,Consommation,Indicatif,Couverture TSX60 pour Metro Inc.. Lecture économique sectorielle; relation contractuelle non déduite sans source spécifique.,S&P/TSX 60 constituents — sector coverage seed,https://en.wikipedia.org/wiki/S%26P/TSX_60
NA.TO,Clients servis,Marchés financiers,Investisseurs institutionnels et gestion de patrimoine,Clients,Finance,Indicatif,"Courtages, placements, gestion d’actifs et services de marchés.",,
NA.TO,Clients servis,Services aux entreprises,PME et grandes entreprises,Clients,Industrie,Indicatif,"Crédit, trésorerie, change, marchés financiers et services transactionnels.",,
NA.TO,Clients servis,Services aux ménages,Clients particuliers,Clients,Consommation,Indicatif,"Comptes, cartes, hypothèques, prêts, épargne et placements.",,
NA.TO,Intrants,Données et conformité,"Agences de crédit, conformité et gestion du risque",Fournisseurs,Services professionnels,Indicatif,Intrants utilisés pour l’octroi de crédit et la gestion des risques.,,
NA.TO,Intrants,Infrastructure financière,Réseaux de paiement et compensation,Infrastructure,Finance,Indicatif,"Services et réseaux qui rendent possible les paiements, virements et règlements.",,
NA.TO,Intrants,Technologie bancaire,"Cloud, cybersécurité et logiciels bancaires",Fournisseurs,Technologie,Indicatif,Base technologique nécessaire aux services numériques et à la conformité.,,
NA.TO,Secteurs impactés,Consommation,Ménages et commerce de détail,Secteur,Consommation,Indicatif,"Cartes, prêts, épargne et solutions de paiement soutiennent la consommation.",,
NA.TO,Secteurs impactés,Crédit aux entreprises,"Énergie, mines, industrie et technologies",Secteur,Marché canadien,Indicatif,Les banques financent plusieurs secteurs majeurs de l’économie canadienne.,,
NA.TO,Secteurs impactés,Financement,Immobilier résidentiel et commercial,Secteur,Immobilier,Indicatif,"Exposition par prêts hypothécaires, financement de projets et crédit immobilier.",,
NTR.TO,Clients servis,Agriculture,"Fermes, coopératives agricoles et distributeurs",Clients,Agriculture,Indicatif,Engrais utilisés pour les rendements agricoles.,,
NTR.TO,Intrants,Extraction et énergie,"Mines, gaz naturel, rail et terminaux portuaires",Fournisseurs,Ressources,Indicatif,Intrants liés à la production et distribution d’engrais.,,
NTR.TO,Secteurs impactés,Chaîne alimentaire,"Production alimentaire, exportations agricoles",Secteur,Agroalimentaire,Indicatif,Contribution indirecte à la production alimentaire.,,
OTEX.TO,Clients servis,Solutions numériques,"Entreprises, commerçants, développeurs, institutions et utilisateurs finaux",Clients,Technologie,Indicatif,Couverture TSX60 pour Open Text Corporation. Lecture économique sectorielle; relation contractuelle non déduite sans source spécifique.,S&P/TSX 60 constituents — sector coverage seed,https://en.wikipedia.org/wiki/S%26P/TSX_60
OTEX.TO,Intrants,Infrastructure numérique,"Cloud, semi-conducteurs, cybersécurité, données, talents logiciels et plateformes partenaires",Fournisseurs,Technologie,Indicatif,Couverture TSX60 pour Open Text Corporation. Lecture économique sectorielle; relation contractuelle non déduite sans source spécifique.,S&P/TSX 60 constituents — sector coverage seed,https://en.wikipedia.org/wiki/S%26P/TSX_60
OTEX.TO,Secteurs impactés,Numérisation,"Commerce, finance, industrie, productivité, paiements, données et automatisation",Secteur,Économie numérique,Indicatif,Couverture TSX60 pour Open Text Corporation. Lecture économique sectorielle; relation contractuelle non déduite sans source spécifique.,S&P/TSX 60 constituents — sector coverage seed,https://en.wikipedia.org/wiki/S%26P/TSX_60
POW.TO,Clients servis,Capital et protection financière,"Ménages, PME, grandes entreprises, investisseurs et titulaires de polices",Clients,Finance,Indicatif,Couverture TSX60 pour Power Corporation of Canada. Lecture économique sectorielle; relation contractuelle non déduite sans source spécifique.,S&P/TSX 60 constituents — sector coverage seed,https://en.wikipedia.org/wiki/S%26P/TSX_60
POW.TO,Intrants,Infrastructure financière,"Paiements, données, cybersécurité, conformité et gestion du risque",Infrastructure,Finance,Indicatif,Couverture TSX60 pour Power Corporation of Canada. Lecture économique sectorielle; relation contractuelle non déduite sans source spécifique.,S&P/TSX 60 constituents — sector coverage seed,https://en.wikipedia.org/wiki/S%26P/TSX_60
POW.TO,Secteurs impactés,Allocation du capital,"Immobilier, consommation, marchés financiers, industrie et épargne retraite",Secteur,Économie réelle,Indicatif,Couverture TSX60 pour Power Corporation of Canada. Lecture économique sectorielle; relation contractuelle non déduite sans source spécifique.,S&P/TSX 60 constituents — sector coverage seed,https://en.wikipedia.org/wiki/S%26P/TSX_60
PPL.TO,Clients servis,Distribution finale,"Raffineries, utilities, industrie et ménages",Clients,Énergie,Indicatif,L’énergie transportée sert ensuite les consommateurs industriels et finaux.,,
PPL.TO,Clients servis,Transport énergétique,"Producteurs de pétrole, gaz et électricité",Clients,Énergie,Indicatif,Les producteurs utilisent les réseaux pour transporter et commercialiser l’énergie.,,
PPL.TO,Intrants,Construction et ingénierie,"Services d’ingénierie, construction et maintenance",Fournisseurs,Industrie,Indicatif,"Services pour bâtir, maintenir et sécuriser les infrastructures.",,
PPL.TO,Intrants,Équipement énergétique,"Tuyauterie, compresseurs, turbines et capteurs",Fournisseurs,Industrie,Indicatif,Équipements nécessaires aux réseaux d’énergie.,,
PPL.TO,Secteurs impactés,Capex industriel,"Construction, acier, services industriels",Secteur,Industrie,Indicatif,Les grands réseaux stimulent des chaînes de services industriels.,,
PPL.TO,Secteurs impactés,Sécurité énergétique,"Industrie lourde, utilities et chauffage",Secteur,Énergie,Indicatif,Infrastructure qui soutient la disponibilité énergétique.,,
QBR-B.TO,Clients servis,Connectivité,"Ménages, entreprises, gouvernement et médias",Clients,Services de communication,Indicatif,"Clients qui utilisent réseau mobile, internet, téléphonie et services numériques.",,
QBR-B.TO,Intrants,Réseau et spectre,"Tours, fibre, équipement réseau et licences de spectre",Fournisseurs,Télécommunications,Indicatif,Actifs essentiels pour connecter les clients.,,
QBR-B.TO,Intrants,Technologie,"Cloud, cybersécurité, logiciels et centres de données",Fournisseurs,Technologie,Indicatif,Technologies nécessaires aux services numériques et de connectivité.,,
QBR-B.TO,Secteurs impactés,Économie numérique,"Commerce, médias, travail hybride et services publics",Secteur,Technologie,Indicatif,La connectivité soutient de nombreux secteurs d’activité.,,
QSR.TO,Clients servis,Demande discrétionnaire,"Ménages, automobilistes, restaurants, détaillants et consommateurs finaux",Clients,Consommation,Indicatif,Couverture TSX60 pour Restaurant Brands International Inc.. Lecture économique sectorielle; relation contractuelle non déduite sans source spécifique.,S&P/TSX 60 constituents — sector coverage seed,https://en.wikipedia.org/wiki/S%26P/TSX_60
QSR.TO,Intrants,Approvisionnement commercial,"Marques, immobilier commercial, logistique, publicité, paiement et distribution",Fournisseurs,Consommation,Indicatif,Couverture TSX60 pour Restaurant Brands International Inc.. Lecture économique sectorielle; relation contractuelle non déduite sans source spécifique.,S&P/TSX 60 constituents — sector coverage seed,https://en.wikipedia.org/wiki/S%26P/TSX_60
QSR.TO,Secteurs impactés,Consommation finale,"Retail, restauration, transport, publicité, logistique et immobilier commercial",Secteur,Consommation,Indicatif,Couverture TSX60 pour Restaurant Brands International Inc.. Lecture économique sectorielle; relation contractuelle non déduite sans source spécifique.,S&P/TSX 60 constituents — sector coverage seed,https://en.wikipedia.org/wiki/S%26P/TSX_60
RCI-B.TO,Clients servis,Connectivité,"Ménages, entreprises, gouvernement et médias",Clients,Services de communication,Indicatif,"Clients qui utilisent réseau mobile, internet, téléphonie et services numériques.",,
RCI-B.TO,Intrants,Réseau et spectre,"Tours, fibre, équipement réseau et licences de spectre",Fournisseurs,Télécommunications,Indicatif,Actifs essentiels pour connecter les clients.,,
RCI-B.TO,Intrants,Technologie,"Cloud, cybersécurité, logiciels et centres de données",Fournisseurs,Technologie,Indicatif,Technologies nécessaires aux services numériques et de connectivité.,,
RCI-B.TO,Secteurs impactés,Économie numérique,"Commerce, médias, travail hybride et services publics",Secteur,Technologie,Indicatif,La connectivité soutient de nombreux secteurs d’activité.,,
RY.TO,Clients servis,Marchés financiers,Investisseurs institutionnels et gestion de patrimoine,Clients,Finance,Indicatif,"Courtages, placements, gestion d’actifs et services de marchés.",,
RY.TO,Clients servis,Services aux entreprises,PME et grandes entreprises,Clients,Industrie,Indicatif,"Crédit, trésorerie, change, marchés financiers et services transactionnels.",,
RY.TO,Clients servis,Services aux ménages,Clients particuliers,Clients,Consommation,Indicatif,"Comptes, cartes, hypothèques, prêts, épargne et placements.",,
RY.TO,Intrants,Données et conformité,"Agences de crédit, conformité et gestion du risque",Fournisseurs,Services professionnels,Indicatif,Intrants utilisés pour l’octroi de crédit et la gestion des risques.,,
RY.TO,Intrants,Infrastructure financière,Réseaux de paiement et compensation,Infrastructure,Finance,Indicatif,"Services et réseaux qui rendent possible les paiements, virements et règlements.",,
RY.TO,Intrants,Technologie bancaire,"Cloud, cybersécurité et logiciels bancaires",Fournisseurs,Technologie,Indicatif,Base technologique nécessaire aux services numériques et à la conformité.,,
RY.TO,Secteurs impactés,Consommation,Ménages et commerce de détail,Secteur,Consommation,Indicatif,"Cartes, prêts, épargne et solutions de paiement soutiennent la consommation.",,
RY.TO,Secteurs impactés,Crédit aux entreprises,"Énergie, mines, industrie et technologies",Secteur,Marché canadien,Indicatif,Les banques financent plusieurs secteurs majeurs de l’économie canadienne.,,
RY.TO,Secteurs impactés,Financement,Immobilier résidentiel et commercial,Secteur,Immobilier,Indicatif,"Exposition par prêts hypothécaires, financement de projets et crédit immobilier.",,
SAP.TO,Clients servis,Consommation récurrente,"Ménages, épiceries, pharmacies, restaurants et canaux de distribution",Clients,Consommation,Indicatif,Couverture TSX60 pour Saputo Inc.. Lecture économique sectorielle; relation contractuelle non déduite sans source spécifique.,S&P/TSX 60 constituents — sector coverage seed,https://en.wikipedia.org/wiki/S%26P/TSX_60
SAP.TO,Intrants,Approvisionnement essentiel,"Agriculture, transformation alimentaire, emballage, logistique, froid et distribution",Fournisseurs,Biens essentiels,Indicatif,Couverture TSX60 pour Saputo Inc.. Lecture économique sectorielle; relation contractuelle non déduite sans source spécifique.,S&P/TSX 60 constituents — sector coverage seed,https://en.wikipedia.org/wiki/S%26P/TSX_60
SAP.TO,Secteurs impactés,Biens essentiels,"Alimentation, pharmacie, agriculture, transport réfrigéré et commerce de détail",Secteur,Consommation,Indicatif,Couverture TSX60 pour Saputo Inc.. Lecture économique sectorielle; relation contractuelle non déduite sans source spécifique.,S&P/TSX 60 constituents — sector coverage seed,https://en.wikipedia.org/wiki/S%26P/TSX_60
SHOP.TO,Clients servis,Commerce numérique,"Commerçants, PME et marques direct-to-consumer",Clients,Commerce de détail,Indicatif,Base économique des revenus de plateforme et d’abonnements.,,
SHOP.TO,Clients servis,Vente omnicanale,"Retail, créateurs et e-commerce",Clients,Consommation,Indicatif,Utilisateurs qui vendent sur plusieurs canaux numériques et physiques.,,
SHOP.TO,Intrants,Infrastructure numérique,"Cloud, cybersécurité et données",Fournisseurs,Technologie,Indicatif,Infrastructure nécessaire aux plateformes de commerce numérique.,,
SHOP.TO,Intrants,Paiements,Passerelles de paiement et services financiers,Fournisseurs,Finance,Indicatif,Éléments nécessaires aux transactions en ligne et aux services marchands.,,
SHOP.TO,Intrants,Écosystème applicatif,"Développeurs, agences et applications partenaires",Partenaires,Technologie,Indicatif,Écosystème d’outils qui enrichit la plateforme marchande.,,
SHOP.TO,Secteurs impactés,Numérisation,Commerce de détail et entrepreneuriat,Secteur,Commerce de détail,Indicatif,Contribution à la numérisation des vendeurs et petites entreprises.,,
SHOP.TO,Secteurs impactés,Transactions,"Paiements, marketing et logistique",Secteur,Services numériques,Indicatif,"Activité connectée aux paiements, au marketing et à l’exécution des commandes.",,
SLF.TO,Clients servis,Capital et protection financière,"Ménages, PME, grandes entreprises, investisseurs et titulaires de polices",Clients,Finance,Indicatif,Couverture TSX60 pour Sun Life Financial Inc.. Lecture économique sectorielle; relation contractuelle non déduite sans source spécifique.,S&P/TSX 60 constituents — sector coverage seed,https://en.wikipedia.org/wiki/S%26P/TSX_60
SLF.TO,Intrants,Infrastructure financière,"Paiements, données, cybersécurité, conformité et gestion du risque",Infrastructure,Finance,Indicatif,Couverture TSX60 pour Sun Life Financial Inc.. Lecture économique sectorielle; relation contractuelle non déduite sans source spécifique.,S&P/TSX 60 constituents — sector coverage seed,https://en.wikipedia.org/wiki/S%26P/TSX_60
SLF.TO,Secteurs impactés,Allocation du capital,"Immobilier, consommation, marchés financiers, industrie et épargne retraite",Secteur,Économie réelle,Indicatif,Couverture TSX60 pour Sun Life Financial Inc.. Lecture économique sectorielle; relation contractuelle non déduite sans source spécifique.,S&P/TSX 60 constituents — sector coverage seed,https://en.wikipedia.org/wiki/S%26P/TSX_60
SU.TO,Clients servis,Raffinage et distribution,"Raffineries, distributeurs et clients industriels",Clients,Énergie,Indicatif,"La production alimente les carburants, la pétrochimie et les usages industriels.",,
SU.TO,Intrants,Services pétroliers,"Forage, complétion, maintenance et équipement",Fournisseurs,Énergie,Indicatif,Services nécessaires à la production et à l’entretien des actifs.,,
SU.TO,Intrants,Transport et infrastructures,"Pipelines, terminaux, rail et stockage",Fournisseurs,Transport,Indicatif,Infrastructure utilisée pour déplacer la production vers les marchés.,,
SU.TO,Secteurs impactés,Revenus publics,"Redevances, taxes et emploi régional",Secteur,Gouvernement,Indicatif,Les producteurs contribuent aux recettes publiques et aux emplois régionaux.,,
SU.TO,Secteurs impactés,Énergie finale,"Transport, industrie, chimie et ménages",Secteur,Économie réelle,Indicatif,Les hydrocarbures alimentent plusieurs secteurs d’activité.,,
T.TO,Clients servis,Connectivité,"Ménages, entreprises, gouvernement et médias",Clients,Services de communication,Indicatif,"Clients qui utilisent réseau mobile, internet, téléphonie et services numériques.",,
T.TO,Intrants,Réseau et spectre,"Tours, fibre, équipement réseau et licences de spectre",Fournisseurs,Télécommunications,Indicatif,Actifs essentiels pour connecter les clients.,,
T.TO,Intrants,Technologie,"Cloud, cybersécurité, logiciels et centres de données",Fournisseurs,Technologie,Indicatif,Technologies nécessaires aux services numériques et de connectivité.,,
T.TO,Secteurs impactés,Économie numérique,"Commerce, médias, travail hybride et services publics",Secteur,Technologie,Indicatif,La connectivité soutient de nombreux secteurs d’activité.,,
TD.TO,Clients servis,Marchés financiers,Investisseurs institutionnels et gestion de patrimoine,Clients,Finance,Indicatif,"Courtages, placements, gestion d’actifs et services de marchés.",,
TD.TO,Clients servis,Services aux entreprises,PME et grandes entreprises,Clients,Industrie,Indicatif,"Crédit, trésorerie, change, marchés financiers et services transactionnels.",,
TD.TO,Clients servis,Services aux ménages,Clients particuliers,Clients,Consommation,Indicatif,"Comptes, cartes, hypothèques, prêts, épargne et placements.",,
TD.TO,Intrants,Données et conformité,"Agences de crédit, conformité et gestion du risque",Fournisseurs,Services professionnels,Indicatif,Intrants utilisés pour l’octroi de crédit et la gestion des risques.,,
TD.TO,Intrants,Infrastructure financière,Réseaux de paiement et compensation,Infrastructure,Finance,Indicatif,"Services et réseaux qui rendent possible les paiements, virements et règlements.",,
TD.TO,Intrants,Technologie bancaire,"Cloud, cybersécurité et logiciels bancaires",Fournisseurs,Technologie,Indicatif,Base technologique nécessaire aux services numériques et à la conformité.,,
TD.TO,Secteurs impactés,Consommation,Ménages et commerce de détail,Secteur,Consommation,Indicatif,"Cartes, prêts, épargne et solutions de paiement soutiennent la consommation.",,
TD.TO,Secteurs impactés,Crédit aux entreprises,"Énergie, mines, industrie et technologies",Secteur,Marché canadien,Indicatif,Les banques financent plusieurs secteurs majeurs de l’économie canadienne.,,
TD.TO,Secteurs impactés,Financement,Immobilier résidentiel et commercial,Secteur,Immobilier,Indicatif,"Exposition par prêts hypothécaires, financement de projets et crédit immobilier.",,
TECK-B.TO,Clients servis,Transformateurs,"Fonderies, raffineurs, fabricants et négociants",Clients,Matériaux,Indicatif,La production minière alimente plusieurs chaînes industrielles.,,
TECK-B.TO,Intrants,Équipement minier,"Camions miniers, explosifs, énergie et services géologiques",Fournisseurs,Industrie,Indicatif,"Intrants nécessaires à l’exploration, l’extraction et la transformation.",,
TECK-B.TO,Secteurs impactés,Métaux et matériaux,"Construction, énergie, électronique et infrastructure",Secteur,Industrie,Indicatif,Les métaux servent plusieurs secteurs utilisateurs.,,
TOU.TO,Clients servis,Raffinage et distribution,"Raffineries, distributeurs et clients industriels",Clients,Énergie,Indicatif,"La production alimente les carburants, la pétrochimie et les usages industriels.",,
TOU.TO,Intrants,Services pétroliers,"Forage, complétion, maintenance et équipement",Fournisseurs,Énergie,Indicatif,Services nécessaires à la production et à l’entretien des actifs.,,
TOU.TO,Intrants,Transport et infrastructures,"Pipelines, terminaux, rail et stockage",Fournisseurs,Transport,Indicatif,Infrastructure utilisée pour déplacer la production vers les marchés.,,
TOU.TO,Secteurs impactés,Revenus publics,"Redevances, taxes et emploi régional",Secteur,Gouvernement,Indicatif,Les producteurs contribuent aux recettes publiques et aux emplois régionaux.,,
TOU.TO,Secteurs impactés,Énergie finale,"Transport, industrie, chimie et ménages",Secteur,Économie réelle,Indicatif,Les hydrocarbures alimentent plusieurs secteurs d’activité.,,
TRI.TO,Clients servis,Services industriels et infrastructures,"Entreprises, gouvernements, clients d’infrastructure, logistique et construction",Clients,Industrie,Indicatif,Couverture TSX60 pour Thomson Reuters Corporation. Lecture économique sectorielle; relation contractuelle non déduite sans source spécifique.,S&P/TSX 60 constituents — sector coverage seed,https://en.wikipedia.org/wiki/S%26P/TSX_60
TRI.TO,Intrants,Chaîne industrielle,"Équipement, énergie, acier, pièces, ingénierie, transport et main-d’œuvre spécialisée",Fournisseurs,Industrie,Indicatif,Couverture TSX60 pour Thomson Reuters Corporation. Lecture économique sectorielle; relation contractuelle non déduite sans source spécifique.,S&P/TSX 60 constituents — sector coverage seed,https://en.wikipedia.org/wiki/S%26P/TSX_60
TRI.TO,Secteurs impactés,Capacité économique,"Transport, construction, commerce, infrastructures publiques et exportations",Secteur,Économie réelle,Indicatif,Couverture TSX60 pour Thomson Reuters Corporation. Lecture économique sectorielle; relation contractuelle non déduite sans source spécifique.,S&P/TSX 60 constituents — sector coverage seed,https://en.wikipedia.org/wiki/S%26P/TSX_60
TRP.TO,Clients servis,Distribution finale,"Raffineries, utilities, industrie et ménages",Clients,Énergie,Indicatif,L’énergie transportée sert ensuite les consommateurs industriels et finaux.,,
TRP.TO,Clients servis,Transport énergétique,"Producteurs de pétrole, gaz et électricité",Clients,Énergie,Indicatif,Les producteurs utilisent les réseaux pour transporter et commercialiser l’énergie.,,
TRP.TO,Intrants,Construction et ingénierie,"Services d’ingénierie, construction et maintenance",Fournisseurs,Industrie,Indicatif,"Services pour bâtir, maintenir et sécuriser les infrastructures.",,
TRP.TO,Intrants,Équipement énergétique,"Tuyauterie, compresseurs, turbines et capteurs",Fournisseurs,Industrie,Indicatif,Équipements nécessaires aux réseaux d’énergie.,,
TRP.TO,Secteurs impactés,Capex industriel,"Construction, acier, services industriels",Secteur,Industrie,Indicatif,Les grands réseaux stimulent des chaînes de services industriels.,,
TRP.TO,Secteurs impactés,Sécurité énergétique,"Industrie lourde, utilities et chauffage",Secteur,Énergie,Indicatif,Infrastructure qui soutient la disponibilité énergétique.,,
WCN.TO,Clients servis,Municipalités et entreprises,"Villes, commerces, construction et industrie",Clients,Services essentiels,Indicatif,"Clients servis par contrats de collecte, recyclage et traitement.",,
WCN.TO,Intrants,Flotte et équipement,"Camions, conteneurs, centres de tri et sites d’enfouissement",Fournisseurs,Industrie,Indicatif,Actifs physiques nécessaires à la collecte et au traitement des déchets.,,
WCN.TO,Secteurs impactés,Hygiène urbaine,"Immobilier, construction, retail et municipalités",Secteur,Services environnementaux,Indicatif,Service essentiel au fonctionnement urbain et commercial.,,
WCP.TO,Clients servis,Raffinage et distribution,"Raffineries, distributeurs et clients industriels",Clients,Énergie,Indicatif,"La production alimente les carburants, la pétrochimie et les usages industriels.",,
WCP.TO,Intrants,Services pétroliers,"Forage, complétion, maintenance et équipement",Fournisseurs,Énergie,Indicatif,Services nécessaires à la production et à l’entretien des actifs.,,
WCP.TO,Intrants,Transport et infrastructures,"Pipelines, terminaux, rail et stockage",Fournisseurs,Transport,Indicatif,Infrastructure utilisée pour déplacer la production vers les marchés.,,
WCP.TO,Secteurs impactés,Revenus publics,"Redevances, taxes et emploi régional",Secteur,Gouvernement,Indicatif,Les producteurs contribuent aux recettes publiques et aux emplois régionaux.,,
WCP.TO,Secteurs impactés,Énergie finale,"Transport, industrie, chimie et ménages",Secteur,Économie réelle,Indicatif,Les hydrocarbures alimentent plusieurs secteurs d’activité.,,
WN.TO,Clients servis,Consommation récurrente,"Ménages, épiceries, pharmacies, restaurants et canaux de distribution",Clients,Consommation,Indicatif,Couverture TSX60 pour George Weston Limited. Lecture économique sectorielle; relation contractuelle non déduite sans source spécifique.,S&P/TSX 60 constituents — sector coverage seed,https://en.wikipedia.org/wiki/S%26P/TSX_60
WN.TO,Intrants,Approvisionnement essentiel,"Agriculture, transformation alimentaire, emballage, logistique, froid et distribution",Fournisseurs,Biens essentiels,Indicatif,Couverture TSX60 pour George Weston Limited. Lecture économique sectorielle; relation contractuelle non déduite sans source spécifique.,S&P/TSX 60 constituents — sector coverage seed,https://en.wikipedia.org/wiki/S%26P/TSX_60
WN.TO,Secteurs impactés,Biens essentiels,"Alimentation, pharmacie, agriculture, transport réfrigéré et commerce de détail",Secteur,Consommation,Indicatif,Couverture TSX60 pour George Weston Limited. Lecture économique sectorielle; relation contractuelle non déduite sans source spécifique.,S&P/TSX 60 constituents — sector coverage seed,https://en.wikipedia.org/wiki/S%26P/TSX_60
WPM.TO,Clients servis,"Métaux, matériaux et intrants industriels","Raffineries, aciéries, batteries, agriculture, bijouterie et industriels",Clients,Matériaux,Indicatif,Couverture TSX60 pour Wheaton Precious Metals Corp.. Lecture économique sectorielle; relation contractuelle non déduite sans source spécifique.,S&P/TSX 60 constituents — sector coverage seed,https://en.wikipedia.org/wiki/S%26P/TSX_60
WPM.TO,Intrants,Chaîne minière et matériaux,"Exploration, équipement minier, énergie, eau, transport et main-d’œuvre spécialisée",Fournisseurs,Matériaux,Indicatif,Couverture TSX60 pour Wheaton Precious Metals Corp.. Lecture économique sectorielle; relation contractuelle non déduite sans source spécifique.,S&P/TSX 60 constituents — sector coverage seed,https://en.wikipedia.org/wiki/S%26P/TSX_60
WPM.TO,Secteurs impactés,Matières premières économiques,"Construction, énergie, technologies propres, agriculture et fabrication",Secteur,Économie réelle,Indicatif,Couverture TSX60 pour Wheaton Precious Metals Corp.. Lecture économique sectorielle; relation contractuelle non déduite sans source spécifique.,S&P/TSX 60 constituents — sector coverage seed,https://en.wikipedia.org/wiki/S%26P/TSX_60
WSP.TO,Clients servis,Services industriels et infrastructures,"Entreprises, gouvernements, clients d’infrastructure, logistique et construction",Clients,Industrie,Indicatif,Couverture TSX60 pour WSP Global Inc.. Lecture économique sectorielle; relation contractuelle non déduite sans source spécifique.,S&P/TSX 60 constituents — sector coverage seed,https://en.wikipedia.org/wiki/S%26P/TSX_60
WSP.TO,Intrants,Chaîne industrielle,"Équipement, énergie, acier, pièces, ingénierie, transport et main-d’œuvre spécialisée",Fournisseurs,Industrie,Indicatif,Couverture TSX60 pour WSP Global Inc.. Lecture économique sectorielle; relation contractuelle non déduite sans source spécifique.,S&P/TSX 60 constituents — sector coverage seed,https://en.wikipedia.org/wiki/S%26P/TSX_60
WSP.TO,Secteurs impactés,Capacité économique,"Transport, construction, commerce, infrastructures publiques et exportations",Secteur,Économie réelle,Indicatif,Couverture TSX60 pour WSP Global Inc.. Lecture économique sectorielle; relation contractuelle non déduite sans source spécifique.,S&P/TSX 60 constituents — sector coverage seed,https://en.wikipedia.org/wiki/S%26P/TSX_60
